iterations,fitness,time,fevals
0,556.0,9.954480254,1000
10,579.0,20.345303555,2100
